{
"vfeff": "Feff8L (EXAFS)",
"vf85e": " 0.1",
"ntitle": 6,
"title": [
    "Null title                                     Feff8L (EXAFS)       0.1",
    "POT  Non-SCF, core-hole, AFOLP (folp(0)= 1.150)",
    "Abs   Z=78 Rmt= 1.464 Rnm= 1.499 L3 shell",
    "Pot 1 Z=78 Rmt= 1.477 Rnm= 1.515",
    "Gam_ch=5.171E+00 H-L exch",
    "Mu=-2.715E-01 kf=2.035E+00 Vint=-1.605E+01 Rs_int= 1.782"
  ],
"s02": 0.9339661420775676E+000,
"erelax": 0.3680048225796154E+001,
"wp": 0.7280672762855457E+000,
"edge": -0.9976224678553008E-002,
"emu": 0.4249350519339765E+003,
"gamach": 0.5170841136616391E+001,
"ne": 83,
"ne1": 59,
"ik0": 1,
"ereal": [
    -0.2714669007503563E+000,
    -0.2333670799389157E+000,
    -0.1190676175045939E+000,
    0.7143148655260917E-001,
    0.3381302322326933E+000,
    0.6810286195356586E+000,
    0.1100126648461506E+001,
    0.1595424319010233E+001,
    0.2166921631181842E+001,
    0.2814618584976332E+001,
    0.3538515180393704E+001,
    0.4338611417433956E+001,
    0.5214907296097091E+001,
    0.6167402816383106E+001,
    0.7196097978292001E+001,
    0.8300992781823778E+001,
    0.9482087226978436E+001,
    0.1073938131375598E+002,
    0.1207287504215640E+002,
    0.1348256841217970E+002,
    0.1496846142382588E+002,
    0.1816884637198689E+002,
    0.2167402988663942E+002,
    0.2548401196778349E+002,
    0.2959879261541908E+002,
    0.3401837182954618E+002,
    0.3874274961016481E+002,
    0.4377192595727497E+002,
    0.4910590087087666E+002,
    0.5474467435096986E+002,
    0.6068824639755460E+002,
    0.6693661701063084E+002,
    0.7348978619019866E+002,
    0.8034775393625794E+002,
    0.8751052024880880E+002,
    0.9497808512785112E+002,
    0.1027504485733850E+003,
    0.1108276105854104E+003,
    0.1192095711639274E+003,
    0.1278963303089358E+003,
    0.1368878880204358E+003,
    0.1607002760275862E+003,
    0.1864176550753086E+003,
    0.2140400251636030E+003,
    0.2435673862924695E+003,
    0.2749997384619080E+003,
    0.3083370816719186E+003,
    0.3435794159225010E+003,
    0.3807267412136555E+003,
    0.4607363649176809E+003,
    0.5483659527839943E+003,
    0.6436155048125956E+003,
    0.7464850210034854E+003,
    0.8569745013566632E+003,
    0.9750839458721290E+003,
    0.1100813354549883E+004,
    0.1234162727389925E+004,
    0.1375132064392255E+004,
    0.1523721365556873E+004,
    -0.2714669007503563E+000,
    -0.2714669007503563E+000,
    -0.2714669007503563E+000,
    -0.2714669007503563E+000,
    -0.2714669007503563E+000,
    -0.2714669007503563E+000,
    -0.2714669007503563E+000,
    -0.2714669007503563E+000,
    -0.2714669007503563E+000,
    -0.2714669007503563E+000,
    -0.2714669007503563E+000,
    -0.2714669007503563E+000,
    -0.2714669007503563E+000,
    -0.2714669007503563E+000,
    -0.2714669007503563E+000,
    -0.2714669007503563E+000,
    -0.2714669007503563E+000,
    -0.2714669007503563E+000,
    -0.2714669007503563E+000,
    -0.2714669007503563E+000,
    -0.2714669007503563E+000,
    -0.2714669007503563E+000,
    -0.2714669007503563E+000,
    -0.2714669007503563E+000
  ],
"eimag": [
    0.2585420568308196E+001,
    0.2585420568308196E+001,
    0.2585420568308196E+001,
    0.2585420568308196E+001,
    0.2585420568308196E+001,
    0.2585420568308196E+001,
    0.2585420568308196E+001,
    0.2585420568308196E+001,
    0.2585420568308196E+001,
    0.2585420568308196E+001,
    0.2585420568308196E+001,
    0.2585420568308196E+001,
    0.2585420568308196E+001,
    0.2585420568308196E+001,
    0.2585420568308196E+001,
    0.2585420568308196E+001,
    0.2585420568308196E+001,
    0.2585420568308196E+001,
    0.2585420568308196E+001,
    0.2585420568308196E+001,
    0.2585420568308196E+001,
    0.2585420568308196E+001,
    0.2585420568308196E+001,
    0.2585420568308196E+001,
    0.2585420568308196E+001,
    0.2585420568308196E+001,
    0.2585420568308196E+001,
    0.2585420568308196E+001,
    0.2585420568308196E+001,
    0.2585420568308196E+001,
    0.2585420568308196E+001,
    0.2585420568308196E+001,
    0.2585420568308196E+001,
    0.2585420568308196E+001,
    0.2585420568308196E+001,
    0.2585420568308196E+001,
    0.2585420568308196E+001,
    0.2585420568308196E+001,
    0.2585420568308196E+001,
    0.2585420568308196E+001,
    0.2585420568308196E+001,
    0.2585420568308196E+001,
    0.2585420568308196E+001,
    0.2585420568308196E+001,
    0.2585420568308196E+001,
    0.2585420568308196E+001,
    0.2585420568308196E+001,
    0.2585420568308196E+001,
    0.2585420568308196E+001,
    0.2585420568308196E+001,
    0.2585420568308196E+001,
    0.2585420568308196E+001,
    0.2585420568308196E+001,
    0.2585420568308196E+001,
    0.2585420568308196E+001,
    0.2585420568308196E+001,
    0.2585420568308196E+001,
    0.2585420568308196E+001,
    0.2585420568308196E+001,
    0.5000000000000000E-002,
    0.1000000000000000E-001,
    0.1144754615630298E-001,
    0.1707773208336118E-001,
    0.2547698250165891E-001,
    0.3800719171734925E-001,
    0.5670006729192832E-001,
    0.8458656074402066E-001,
    0.1261883204064636E+000,
    0.1882508529362323E+000,
    0.2808372717623059E+000,
    0.4189599780332012E+000,
    0.6250148425531736E+000,
    0.9324125785131947E+000,
    0.1390996113017365E+001,
    0.2075122355722312E+001,
    0.3095718780894078E+001,
    0.4618269734289709E+001,
    0.6889648849982575E+001,
    0.1027814831247979E+002,
    0.1533319549857728E+002,
    0.2287443973853955E+002,
    0.3412465414666021E+002,
    0.5090800185445430E+002
  ],
"xsnorm": [
    0.4890824898744804E-003,
    0.4881118433552269E-003,
    0.4852665103465059E-003,
    0.4806904908233359E-003,
    0.4746134734081136E-003,
    0.4673252193450797E-003,
    0.4591501613608630E-003,
    0.4504214748407331E-003,
    0.4414594900760056E-003,
    0.4325545843548145E-003,
    0.4239566451844611E-003,
    0.4158693336038398E-003,
    0.4084503920041490E-003,
    0.4018127647877162E-003,
    0.3960311632682288E-003,
    0.3911448277199016E-003,
    0.3871620520327431E-003,
    0.3840644693059395E-003,
    0.3818087712431312E-003,
    0.3803273020357295E-003,
    0.3795278262200211E-003,
    0.3796396609877944E-003,
    0.3815227363365284E-003,
    0.3831950717381004E-003,
    0.3881792212053198E-003,
    0.3914059557524791E-003,
    0.3932087208014645E-003,
    0.3934120823025765E-003,
    0.3924511151192721E-003,
    0.3903763379580253E-003,
    0.3872288017897373E-003,
    0.3835346732981165E-003,
    0.3796791286215908E-003,
    0.3758171947628874E-003,
    0.3722372367316743E-003,
    0.3689650385862138E-003,
    0.3661329933501837E-003,
    0.3636819100184546E-003,
    0.3615259225216982E-003,
    0.3597433292536969E-003,
    0.3580269046817457E-003,
    0.3545561912896666E-003,
    0.3518818323268381E-003,
    0.3500345092823719E-003,
    0.3486846930356990E-003,
    0.3471925072232893E-003,
    0.3452535355066027E-003,
    0.3428649721504908E-003,
    0.3402525695413890E-003,
    0.3344202020414062E-003,
    0.3273994310761545E-003,
    0.3200977390430498E-003,
    0.3118958185333283E-003,
    0.3035228900271301E-003,
    0.2949681997323403E-003,
    0.2864646925401330E-003,
    0.2780796783254776E-003,
    0.2697359114847185E-003,
    0.2612878221182513E-003,
    0.5118698365149315E-003,
    0.5118695607877840E-003,
    0.5118694466504530E-003,
    0.5118688562191429E-003,
    0.5118675421980864E-003,
    0.5118646178298861E-003,
    0.5118581097242319E-003,
    0.5118436266368345E-003,
    0.5118113987271695E-003,
    0.5117396979322753E-003,
    0.5115802423485173E-003,
    0.5112259482109111E-003,
    0.5104403156865972E-003,
    0.5087059263011273E-003,
    0.5049143413974085E-003,
    0.4967997945570907E-003,
    0.4802007274165560E-003,
    0.4491972029689348E-003,
    0.4001233709354097E-003,
    0.3399512965380613E-003,
    0.2862981293974326E-003,
    0.2531740750209300E-003,
    0.2499654038831471E-003,
    0.3132425834203954E-003
  ],